project_id,utility,title,in_service_date,lat_center,lon_center,confidence
DESC_1,Dominion Energy South Carolina,Queensboro - Ft Johnson 115 kV & Queensboro-Bayfront 115kV (Queensboro-James Island Sect),2023-12-31,32.7324575,-79.96537785000001,low_confidence
DESC_2,Dominion Energy South Carolina,Union Pier 115-13.8 kV Sub: Tap,2027-12-31,,,unlocated
DESC_3,Dominion Energy South Carolina,"Okatie 230-115kV Substation, Jasper – Yemassee 230kV #1 Fold-in",2024-12-31,32.51559195,-80.94814395,confirmed
DESC_4,Dominion Energy South Carolina,Cainhoy - Hamlin 115kV: Rebuild Line and Cainhoy – Hamlin 115 kV #2: Construct New 115 kV Line,2025-12-01,32.9006695,-79.8153583,confirmed
DESC_5,Dominion Energy South Carolina,Eastover - Square D 115kV: Rebuild,2024-06-01,33.8771147,-80.6922594,low_confidence
DESC_6,Dominion Energy South Carolina,Burton-St Helena 115kV: Rebuild Burton-Frogmore Transmission Section,2024-12-31,32.4364883,-80.7210159,confirmed
DESC_7,Dominion Energy South Carolina,Burton-St Helena 115kV: Frogmore Distribution - St Helena,2025-12-31,32.4364883,-80.7210159,confirmed
DESC_8,Dominion Energy South Carolina,VCS1-Denny Terrace 230kV & VCS1-Pineland 230kV: Rebuild Single Circuit Sections,2026-12-31,34.0576091,-81.061561,low_confidence
DESC_9,Dominion Energy South Carolina,Wateree-Killian 230kV: Rebuild,2028-12-31,34.235288,-80.8152331,low_confidence
DESC_10,Dominion Energy South Carolina,Okatie-Bluffton 115kV: Rebuild,2025-06-01,32.2843925,-80.9429395,confirmed
DESC_11,Dominion Energy South Carolina,Hopkins-CIP 230kV: Rebuild,2025-12-31,33.9043212,-80.8770342,low_confidence
DESC_12,Dominion Energy South Carolina,Faber Place-Bayfront 115kV: Rebuild North Bridge Terrace to Bayfront Section,2028-12-31,32.7961009,-79.9890239,low_confidence
DESC_13,Dominion Energy South Carolina,Square D - Hopkins 115kV: Rebuild,2024-09-30,33.9043212,-80.8770342,low_confidence
DESC_14,Dominion Energy South Carolina,Stevens Creek - Hooks 115kV/LR Plumb Branch 46kV Rebuilds,2024-12-31,33.562599,-82.051362,confirmed
DESC_15,Dominion Energy South Carolina,Stevens Creek - Hooks 115kV/LR Plumb Branch 46kV,2025-12-31,33.562599,-82.051362,confirmed
DESC_16,Dominion Energy South Carolina,"Edenwood Sub: #1 & #2 230-115kV Autobanks, Replace with 336MVA",2024-12-25,33.953765,-81.0598155,low_confidence
DESC_17,Dominion Energy South Carolina,"Williams St Sub: Replace Sw House & Relays, AM Williams Sub: Replace Sw House, and McMeekin Sub: Add Sw House",2028-12-31,,,unlocated
DESC_18,Dominion Energy South Carolina,Harleyville 115KV Transmission Tap – Construct (1.4 miles),2027-03-31,33.2099069,-80.4511658,confirmed
DESC_19,Dominion Energy South Carolina,Summerville: Replace and Spare 230-115kV 336MVA Auto Bank,2024-12-31,33.0186699,-80.1762704,low_confidence
DESC_20,Dominion Energy South Carolina,Canadys-Ritter 115KV-Rebld SPDC 230/115KV 1272 (Approx 18 Miles),2026-06-01,32.92685825,-80.62549105,low_confidence
DESC_21,Dominion Energy South Carolina,Yemassee– Ritter 230kV #1 & #2: Construct SPDC with B-1272,2026-06-01,32.74352305,-80.74708755,low_confidence
DESC_22,Dominion Energy South Carolina,Riverport Tap: Construct Tap,2025-12-31,,,unlocated
DESC_23,Dominion Energy South Carolina,Jasper – Okatie 230 kV #2: Construct,2025-12-31,32.346439000000004,-81.0785475,confirmed
DESC_24,Dominion Energy South Carolina,Wagener 115kV Tap: Construct Tap,2025-12-31,33.6501119,-81.3605659,confirmed
DESC_25,Dominion Energy South Carolina,Church Creek - Ritter 230kV - Replace 38 Large Angles and Dead Ends,2024-06-01,32.8099699,-80.3503307,low_confidence
DESC_26,Dominion Energy South Carolina,VCS2-Ward 230kV: Rebuild Line,2029-12-31,33.87218,-81.6977228,confirmed
DESC_27,Dominion Energy South Carolina,Goose Creek Reservoir: Rebuild Transmission Line Crossings,2024-12-31,,,unlocated
DESC_28,Dominion Energy South Carolina,Summerville 115kV Loop: Rebuild,2024-12-31,33.0186699,-80.1762704,low_confidence
DESC_29,Dominion Energy South Carolina,St George - Sumter 230kV Tie: Rebuild Line from Santee Substation - Duke/Progress Energy Tie,2025-12-31,33.54182845,-80.44981475,low_confidence
DESC_30,Dominion Energy South Carolina,Coit – Gills Creek 115kV: Construct,2024-12-31,,,unlocated
DESC_31,Dominion Energy South Carolina,Hooks - Thurmond 115kV Tie: Rebuild,2024-12-31,33.660127,-82.195931,confirmed
DESC_32,Dominion Energy South Carolina,Batesburg - Saluda County 115kV: Rebuild,2025-12-31,33.9134867,-81.5644353,confirmed
DESC_33,Dominion Energy South Carolina,Scout 230 kV Sub and Fold-in: Construct,2026-03-31,,,unlocated
DESC_34,Dominion Energy South Carolina,Dawson 230kV Sub and Fold-in: Construct and Rebuild,2025-10-01,,,unlocated
DESC_35,Dominion Energy South Carolina,Urquhart – Toolebeck 115kV line: Rebuild,2026-08-12,33.4837512,-81.79020395,confirmed
DESC_36,Dominion Energy South Carolina,Williams-Summerville 230kV: Upgrade to SPDC B1272 ACSR,2027-05-01,33.0181842,-80.05421910000001,low_confidence
DESC_37,Dominion Energy South Carolina,Cainhoy 115 kV Tap: Construct,2027-12-31,32.941402,-79.8422757,confirmed
DESC_38,Dominion Energy South Carolina,Jack Primus 115 kV Tap: Construct,2027-12-31,32.9193841,-79.9044954,confirmed
DESC_39,Dominion Energy South Carolina,Church Creek – Faber Place – Charleston Transmission: Add 230kV Line,2027-05-01,32.80937795,-80.00510505,low_confidence
DESC_40,Dominion Energy South Carolina,Eastover – Sumter 115kV DEP Tie: Rebuild with 1272 ACSR,2026-05-31,33.8873879,-80.50811775,low_confidence
DESC_41,Dominion Energy South Carolina,Cameron Jct – Elloree 46 kV Rebuild,2026-12-31,33.54802535,-80.6443602,confirmed
DESC_42,Dominion Energy South Carolina,Elloree – Santee City 46 kV: Rebuild,2027-12-31,33.5323844,-80.5797245,confirmed
DESC_43,Dominion Energy South Carolina,Urquhart – Aiken PSA 46 kV: Rebuild,2027-12-31,33.4328703,-81.9110807,confirmed
DESC_44,Dominion Energy South Carolina,Cameron Jct – Cameron – St Matthews 46 kV Rebuild,2028-12-31,33.61427115,-80.74343200000001,low_confidence
GPC_1,Georgia Power,SAV: CC - HYUNDAI MOTORS SAVANNAH AKA. PROJECT EA,2025-01-01,,,unlocated
GPC_2,Georgia Power,MITCHELL - NORTH TIFTON 230KV RECONDUCTOR,2025-05-01,31.462605,-83.8414865,confirmed
GPC_3,Georgia Power,ADAMSVILLE - JACK MCDONOUGH 230KV LINE REBUILD,2025-06-01,33.7592737,-84.505209,low_confidence
GPC_4,Georgia Power,ECHECONNEE-WELLSTON 115KV REBUILD,2025-06-01,32.6851436,-83.700462,low_confidence
GPC_5,Georgia Power,GRID - BREMEN - CROOKED CREEK (APC) 115 KV PROJECT,2025-06-01,33.7091924,-85.1427159,confirmed
GPC_6,Georgia Power,JESUP - LUDOWICI PRIMARY 115KV REBUILD,2025-06-01,31.6623515,-81.834325,confirmed
GPC_7,Georgia Power,NORCROSS 230KV BUS 1-3 SERIES BUS TIE BREAKER INSTALLATION,2025-06-01,33.9325571,-84.2134303,confirmed
GPC_8,Georgia Power,PINE GROVE PRIMARY 115 KV DUAL STAGE CAPACITOR BANK,2025-06-01,30.8816485,-83.2279869,confirmed
GPC_9,Georgia Power,SAV: DEPTFORD - MAGNOLIA 115KV RECONDUCTOR,2025-06-01,32.044757399999995,-81.0672826,confirmed
GPC_10,Georgia Power,SMART VALVE INSTALLATION,2025-06-01,,,unlocated
GPC_11,Georgia Power,THALMANN AND COLERAIN 23O KV LINE RELAY PANEL UPGRADES,2025-06-01,31.06323475,-81.79072395,low_confidence
GPC_12,Georgia Power,VILLA RICA LOW SIDE BREAKER,2025-06-01,33.7410224,-84.8548652,confirmed
GPC_13,Georgia Power,CAMDEN INDUSTRIAL PARK (GPC),2025-06-01,,,unlocated
GPC_14,Georgia Power,JEFFERSON STREET#3 - NORTHWEST (WHITE) 115 KV RECONDUCTOR,2025-12-01,,,unlocated
GPC_15,Georgia Power,ANTHONY SHOALS STATCOM SYSTEM,2025-12-31,34.0018324,-82.6362788,confirmed
GPC_16,Georgia Power,CC - CASS PINE- HILL VIEW 230 KV LINE- CC IMPROVEMENTS,2025-12-31,,,unlocated
GPC_17,Georgia Power,CC - PROJECT CHRONOSSK/HYUNDAI,2025-12-31,,,unlocated
GPC_18,Georgia Power,SAV: LITTLE OGEECHEE 230- 115KV: RELAY MODERNIZATION,2025-12-31,32.0067859,-81.2531513,confirmed
GPC_19,Georgia Power,CC - QTS FAYETTEVILLE TRANSMISSION NEEDS,2026-04-01,,,unlocated
GPC_20,Georgia Power,ADAMSVILLE - BUZZARD ROOST 230KV REBUILD AND JUMPER UPGRADE,2026-06-01,33.7592737,-84.505209,low_confidence
GPC_21,Georgia Power,BLANKETS CREEK – WOODSTOCK 115KV LINE REBUILD,2026-06-01,34.1355134,-84.510734,confirmed
GPC_22,Georgia Power,CC - GARRETT ROAD SWITCHING STATION - TRAE LANE,2026-06-01,,,unlocated
GPC_23,Georgia Power,CC - STONEWALL TELL ROAD (TA REALTY),2026-06-01,,,unlocated
GPC_24,Georgia Power,EAST POINT RELAY MODERNIZATION,2026-06-01,33.6763499,-84.4629659,confirmed
GPC_25,Georgia Power,FENWICK STREET - SAND BAR FERRY 115KV (RECONDUCTOR/REBUILD),2026-06-01,,,unlocated
GPC_26,Georgia Power,"GOAT ROCK 230KV SWITCH, JUMPER, & LINE TRAP REPLACEMENT",2026-06-01,32.6082662,-85.0824629,confirmed
GPC_27,Georgia Power,GORDON-N DUBLIN 115KV (GORDON-ENGL MCI J) REBUILD,2026-06-01,32.8824706,-83.3169141,confirmed
GPC_28,Georgia Power,GRADY - MORROW (WHITE) 115KV REBUILD,2026-06-01,33.605931,-84.3334617,confirmed
GPC_29,Georgia Power,GRADY 230/115KV RELAY MODERNIZATION,2026-06-01,,,unlocated
GPC_30,Georgia Power,GRID - GAINESVILLE #2 EQUIPMENT REPLACEMENT,2026-06-01,34.263022,-83.8096728,confirmed
GPC_31,Georgia Power,HAMMOND - WEISS DAM 115KV LINE REBUILD,2026-06-01,34.2512064,-85.34558,low_confidence
GPC_32,Georgia Power,KATHLEEN AREA IMPROVEMENTS,2026-06-01,32.495294,-83.6099696,low_confidence
GPC_33,Georgia Power,KLONDIKE RELAY MODERNIZATION,2026-06-01,33.6369768,-84.124487,confirmed
GPC_34,Georgia Power,MORROW 115KV RELAY UPGRADE,2026-06-01,33.605931,-84.3334617,confirmed
GPC_35,Georgia Power,PALMYRA REACTOR REMOVAL,2026-06-01,31.6376726,-84.1943534,low_confidence
GPC_36,Georgia Power,SAV: BOULEVARD - DEPTFORD 115KV RECONDUCTOR,2026-06-01,32.05402935,-81.09642410000001,confirmed
GPC_37,Georgia Power,SAV: CC - BIG OGEECHEE 500/230KV (CC NETWORK IMPROVEMENTS),2026-06-01,,,unlocated
GPC_38,Georgia Power,SAV: MCINTOSH - PURRYSBURG 230KV REACTORS,2026-06-01,32.352116,-81.175112,confirmed
GPC_39,Georgia Power,SCOTTDALE RELAY MODERNIZATION,2026-06-01,33.7898269,-84.2640889,low_confidence
GPC_40,Georgia Power,UNION CITY - YATES 230 KV WHITE LINE REBUILD,2026-04-01,33.5252514,-84.7186842,low_confidence
GPC_41,Georgia Power,UNION CITY - YATES 230KV (WHITE) SWITCH AND TRAP REPLACEMENT,2026-06-01,33.5252514,-84.7186842,low_confidence
GPC_42,Georgia Power,CC - PROJECT PAYTON BAINBRIDGE,2026-06-30,,,unlocated
GPC_43,Georgia Power,OHARA BREAKER REPLACEMENT,2026-10-01,33.4819007,-84.3673898,low_confidence
GPC_44,Georgia Power,DRESDEN LINE PROTECTIVE RELAYING,2026-12-01,,,unlocated
GPC_45,Georgia Power,CC - CASS PINE 230/25 NEW SUB - QCELLS - CC IMPROVEMENTS,2026-12-31,,,unlocated
GPC_46,Georgia Power,GRADY-WEST END 115KV REBUILD,2026-12-31,33.7381626,-84.4163167,low_confidence
GPC_47,Georgia Power,MORROW - MOUNTAIN VIEW 115 KV REBUILD,2026-12-31,33.62385355,-84.36183274999999,low_confidence
GPC_48,Georgia Power,CC - EMBLEM RIVERSIDE CUSTOMER SUB (FLEXENTIAL),2027-03-01,,,unlocated
GPC_49,Georgia Power,MORROW - YATES COMMON 115KV LINE UPGRADE,2027-05-01,33.5337861,-84.61882975,confirmed
GPC_50,Georgia Power,POSSUM BRANCH - YATES COMMON 115KV REBUILD (YATES TO CLEM),2027-05-01,33.4616412,-84.9041978,confirmed
GPC_51,Georgia Power,CC - GULLATT ROAD TRANSMISSION IMPROVEMENTS,2027-06-01,,,unlocated
GPC_52,Georgia Power,CC - MICROSOFT - SHUGART (CCO06),2027-06-01,,,unlocated
GPC_53,Georgia Power,CC - SUMMER LAKE - VILLA RICA 230KV REBUILD (CC IMPROVMNT),2027-06-01,33.7410224,-84.8548652,confirmed
GPC_54,Georgia Power,CC - TA REALTY ELLENWOOD NETWORK IMPROVEMENTS,2027-06-01,,,unlocated
GPC_55,Georgia Power,DOYLE - LG&E MONROE 230KV - JACKS CREEK LOOP IN,2027-06-01,33.8379245,-83.698786,confirmed
GPC_56,Georgia Power,JESUP - OFFERMAN 115KV REBUILD,2027-06-01,31.51308925,-82.03430455,confirmed
GPC_57,Georgia Power,LAWRENCEVILLE - WINDER 115KV LINE REBUILD,2027-06-01,33.97680405,-83.88650495,confirmed
GPC_58,Georgia Power,LAWRENCEVILLE - WINDER PRIMARY 230KV LINE REBUILD,2027-06-01,33.97680405,-83.88650495,confirmed
GPC_59,Georgia Power,SANDERSVILLE #1 - WADLEY PRI. 115KV REBUILD/RECONDUCTOR,2027-06-01,32.94323925,-82.62430075,low_confidence
GPC_60,Georgia Power,SAV: GOSHEN (SAV) - KRAFT 115KV LINE REBUILD,2027-06-01,32.198418149999995,-81.17772775,confirmed
GPC_61,Georgia Power,SAV: GOSHEN (SAV) - MCINTOSH 115KV LINE REBUILD,2027-06-01,32.3004085,-81.19229200000001,confirmed
GPC_62,Georgia Power,CC - TOMOCHICHI 500/230KV SOLUTION (CC NETWORK IMPROVEMENTS),2027-07-15,,,unlocated
GPC_63,Georgia Power,GRID - ARKWRIGHT - LLOYD SHOALS 115KV,2027-07-30,32.9272219,-83.698878,low_confidence
GPC_64,Georgia Power,ATHENA - EAST WATKINSVILLE 115 KV (REBUILD),2027-12-31,33.918474700000004,-83.3654419,confirmed
GPC_65,Georgia Power,CC - HILL VIEW & GRASSY HOLLOW SUB - CC IMPROVEMENTS,2027-12-31,,,unlocated
GPC_66,Georgia Power,DYER ROAD - EAST ROANOKE 115KV (REBUILD),2027-12-31,,,unlocated
GPC_67,Georgia Power,AULTMAN ROAD-PERRY 115KV LINE REBUILD,2028-06-01,32.4553814,-83.7020208,confirmed
GPC_68,Georgia Power,CC - EAST VILLA RICA AREA SWITCHING STATION (CC IMPROVEMENT),2028-06-01,,,unlocated
GPC_69,Georgia Power,CC - VILLA RICA UPGRADES (CC NETWORK IMPROVEMENTS),2028-06-01,33.7410224,-84.8548652,confirmed
GPC_70,Georgia Power,FITZGERALD - PITTS 115 KV LINE REBUILD,2028-06-01,,,unlocated
GPC_71,Georgia Power,JACK MCDONOUGH - NORTHWEST (BLACK) 230KV RECONDUCTOR,2028-06-01,,,unlocated
GPC_72,Georgia Power,PITTMAN ROAD - WEST POINT DAM (USA) 115KV REBUILD,2028-06-01,32.9186235,-85.1903899,low_confidence
GPC_73,Georgia Power,PLANT YATES BREAKER AND HALF STATION,2028-06-01,33.463447,-84.8949385,low_confidence
GPC_74,Georgia Power,SAV: COLEMAN - DEAN FOREST 115KV LINE REBUILD,2028-06-01,32.0904147,-81.15239965,confirmed
GPC_75,Georgia Power,SAV: MAGNOLIA - TRUMAN PARKWAY 115KV REBUILD,2028-06-01,32.0226869,-81.0861807,confirmed
GPC_76,Georgia Power,SMART VALVES AT EAST VILLA RICA SWITCHING STATION,2028-06-01,,,unlocated
GPC_77,Georgia Power,SOUTH MACON 115KV BUSES 1 & 2 REPLACEMENT,2028-06-01,32.8203492,-83.6261978,confirmed
GPC_78,Georgia Power,UNION CITY - YATES 230KV (BLACK) LINE REBUILD,2028-06-01,33.5252514,-84.7186842,low_confidence
GPC_79,Georgia Power,FIRST AVENUE - NORTH COLUMBUS 115KV LINE REBUILD,2028-12-01,,,unlocated
GPC_80,Georgia Power,ASHLEY PARK-WANSLEY 500KV,2029-06-01,33.45914555,-84.7538203,low_confidence
GPC_81,Georgia Power,BLAKELY PRIMARY - HUCKLEBERRY 115KV REBUILD,2029-06-01,31.371554,-84.9059802,confirmed
GPC_82,Georgia Power,BROADWAY - ECHECONNEE 115 KV LINE REBUILD,2029-06-01,32.6851436,-83.700462,low_confidence
GPC_83,Georgia Power,BUTLER - THOMASTON 230KV LINE CONVERSION,2029-06-01,32.7354721,-84.3011228,low_confidence
GPC_84,Georgia Power,BUZZARD ROOST - FACTORY SHOALS 230KV NEW LINE,2029-06-01,,,unlocated
GPC_85,Georgia Power,CONYERS - KLONDIKE 230 KV SECOND LINE,2029-06-01,33.652293549999996,-84.0710887,low_confidence
GPC_86,Georgia Power,GLENWOOD SPRINGS - PORTERDALE PRIMARY 230KV LINE SWITCH REPL,2029-06-01,33.5751146,-83.8937954,low_confidence
GPC_87,Georgia Power,LLOYD SHOALS - PORTERDALE PRIMARY 115KV REBUILD,2029-06-01,33.5751146,-83.8937954,low_confidence
GPC_88,Georgia Power,LOWER RIVER - WEBB (APC) 115KV RECONDUCTOR,2029-06-01,,,unlocated
GPC_89,Georgia Power,MCEVER ROAD - SHOAL CREEK 115KV REBUILD,2029-06-01,34.2728832,-83.8738012,confirmed
GPC_90,Georgia Power,MCMANUS - WEST BRUNSWICK 115KV REBUILD,2029-06-01,31.2799089,-81.5586568,confirmed
GPC_91,Georgia Power,NORCROSS - NORTH DRUID HILLS 115KV REBUILD,2029-06-01,33.8746641,-84.26334385,low_confidence
GPC_92,Georgia Power,SAV: BOULEVARD - MAGNOLIA 115 KV LINE REBUILD,2029-06-01,32.031958849999995,-81.11532220000001,confirmed
GPC_93,Georgia Power,SAV: DEAN FOREST - LITTLE OGEECHEE 230 KV REBUILD,2029-06-01,32.045147799999995,-81.2209368,confirmed
GPC_94,Georgia Power,SAV: RICE HOPE NEW AUTO TRANSFORMER,2029-06-01,,,unlocated
GPC_95,Georgia Power,SOUTH BAINBRIDGE - SINAI (FPL) 115KV LINE RECONDUCTOR,2029-06-01,30.8396079,-84.4889211,confirmed
GPC_96,Georgia Power,BAY CREEK - CONYERS 230KV REBUILD,2029-12-31,33.76786495,-83.9500205,low_confidence
GPC_97,Georgia Power,ANNISTON - HAMMOND 230KV LINE,2030-06-01,34.2512064,-85.34558,low_confidence
GPC_98,Georgia Power,ATKINSON - NORTHSIDE DRIVE 115KV REBUILD,2030-06-01,,,unlocated
GPC_99,Georgia Power,ATKINSON - NORTHWEST 115KV REBUILD,2030-06-01,,,unlocated
GPC_100,Georgia Power,CC - NORTH GEORGIA DATA NETWORK UPGRADES,2030-06-01,,,unlocated
GPC_101,Georgia Power,CORNELIA - TALLULAH LODGE 115KV REBUILD,2030-06-01,34.5114883,-83.5271166,low_confidence
GPC_102,Georgia Power,EAST POINT - TRIBUTARY 230KV REBUILD,2030-06-01,33.6946406,-84.5528063,low_confidence
GPC_103,Georgia Power,EAST POINT - UNION CITY 230KV BLACK LINE RECONDUCTOR,2030-06-01,33.631702849999996,-84.5026979,low_confidence
GPC_104,Georgia Power,ECHECONNEE-WELLSTON 115KV LINE REBUILD,2030-06-01,32.6851436,-83.700462,low_confidence
GPC_105,Georgia Power,FARLEY (APC)-TAZEWELL 500KV,2030-06-01,,,unlocated
GPC_106,Georgia Power,GAINESVILLE #2 - MCEVER ROAD 115 KV REBUILD,2030-06-01,34.2679526,-83.841737,confirmed
GPC_107,Georgia Power,GLENWOOD SPRINGS - LAKE OCONEE 115KV LINE REBUILD,2030-06-01,33.4595297,-83.247451,confirmed
GPC_108,Georgia Power,GOAT ROCK REACTORS INSTALLATION,2030-06-01,32.6082662,-85.0824629,confirmed
GPC_109,Georgia Power,GOLDENS CREEK - WARRENTON PRIMARY 230KV REBUILD,2030-06-01,33.4064479,-82.6708417,confirmed
GPC_110,Georgia Power,GORDON-SANDERSVILLE #1 115KV LINE REBUILD (DEEPSTEP-SAND #6),2030-06-01,32.942145999999994,-83.0748216,low_confidence
GPC_111,Georgia Power,GOSHEN AREA STRATEGIC SOLUTION,2030-06-01,33.3197599,-81.9953118,confirmed
GPC_112,Georgia Power,JEFFERSON ROAD - WINDER PRIMARY 115KV REBUILD,2030-06-01,34.000656,-83.66865575,confirmed
GPC_113,Georgia Power,KETTLE CREEK PRIMARY - PINE GROVE PRIMARY 115KV REBUILD,2030-06-01,30.8816485,-83.2279869,confirmed
GPC_114,Georgia Power,NEW CAVENDER DRIVE - TRIBUTARY 230KV LINE,2030-06-01,33.7129313,-84.6426467,low_confidence
GPC_115,Georgia Power,NORTH SPA 230KV STRATEGIC PROJECT,2030-06-01,,,unlocated
GPC_116,Georgia Power,TALLULAH LODGE - TOCCOA 115 KV REBUILD,2030-06-01,34.5809462,-83.3527341,confirmed
GPC_117,Georgia Power,TRIBUTARY - THORNTON RD 230KV REBUILD,2030-06-01,33.7129313,-84.6426467,low_confidence
GPC_118,Georgia Power,THOMASTON 230 NEW BUILD SUB,2030-11-01,32.8999225,-84.3125168,low_confidence
GPC_119,Georgia Power,"BAINBRIDGE TRANSMISSION: EAST RIVER ROAD, EAST BAINBRIDGE",2030-12-31,30.9125521,-84.5669923,confirmed
GPC_120,Georgia Power,GLENWOOD SPRINGS 115KV CAP BANK,2030-12-31,,,unlocated
GPC_121,Georgia Power,EAST POINT - UNION CITY (WHITE) 230KV REBUILD,2031-05-01,33.631702849999996,-84.5026979,low_confidence
GPC_122,Georgia Power,AVERY - HOPEWELL 115KV RECONDUCTOR,2031-06-01,34.1955906,-84.33458490000001,confirmed
GPC_123,Georgia Power,BOWEN #10 500/230KV AUTOBANK REPLACEMENT,2031-06-01,34.1215849,-84.9223274,confirmed
GPC_124,Georgia Power,HATCH - WADLEY 500 KV LINE STRATEGIC PROJECT,2031-06-01,32.8846571,-82.4158724,confirmed
GPC_125,Georgia Power,SAV: COLEMAN - MELDRIM 115KV LINE REBUILD,2032-06-01,32.126300900000004,-81.242227,confirmed
GPC_126,Georgia Power,ARKWRIGHT BUS AND JUMPER REPLACEMENT,2033-06-01,32.9272219,-83.698878,low_confidence
GPC_127,Georgia Power,BAY CREEK - CONYERS 230KV LIMITING ELEMENT REPLACEMENT,2033-06-01,33.76786495,-83.9500205,low_confidence
GPC_128,Georgia Power,EVANS PRIMARY - THURMOND DAM (USA) #5 115KV REBUILD,2033-06-01,33.6020605,-82.1822895,confirmed
GPC_129,Georgia Power,EVANS PRIMARY - THURMOND DAM (USA) #6 115KV REBUILD,2033-06-01,33.6020605,-82.1822895,confirmed
GPC_130,Georgia Power,MCEVER ROAD - SHOAL CREEK 115KV REBUILD PHASE III,2033-06-01,34.2728832,-83.8738012,confirmed
GPC_131,Georgia Power,MCGRAU FORD - MIDDLE FORK 500KV LINE PROJECT,2033-06-01,34.3264526,-84.3370065,confirmed
GPC_132,Georgia Power,SAV: MELDRIM BANK D REPLACEMENT,2033-06-01,32.1552821,-81.368377,confirmed
GPC_133,Georgia Power,THOMSON PRIMARY 230/115KV SECOND TRANSFORMER,2033-06-01,33.453955,-82.414219,confirmed
GPC_134,Georgia Power,WINDER PRIMARY 230KV BUS 1-2 PARALLEL BUS-TIE INSTALLATION,2033-06-01,33.9954594,-83.7531307,confirmed
GPC_135,Georgia Power,PINE GROVE PRIMARY - WEST VALDOSTA 115 KV RECONDUCTOR,2033-12-31,30.848702799999998,-83.27143085,low_confidence
GPC_136,Georgia Power,DAWSON CROSSING - GAINESVILLE #1 115 KV,2034-06-01,34.32057025,-83.9716241,confirmed
GPC_137,Georgia Power,SAV: LITTLE OGEECHEE 230/115KV BANK REPLACEMENT,2034-06-01,32.0067859,-81.2531513,confirmed
GPC_138,Georgia Power,EVANS PRIMARY - THOMSON PRIMARY 115KV REBUILD,2034-12-31,33.4989745,-82.29143350000001,confirmed
